{"cameraMode":{"drawMode":24,"name":"Light Overlap","section":"Baked Global Illumination"},"sceneLighting":false,"audioPlay":false,"sceneViewState":{"m_AlwaysRefresh":true,"showFog":true,"showSkybox":false,"showFlares":true,"showImageEffects":true,"showParticleSystems":true,"showVisualEffectGraphs":true,"m_FxEnabled":true},"in2DMode":false,"pivot":{"x":0.27895668148994448,"y":0.01699133962392807,"z":-0.0017459988594055176},"rotation":{"x":-0.09902341663837433,"y":0.30982521176338198,"z":-0.03247803822159767,"w":-0.9451265335083008},"size":0.3026065528392792,"orthographic":false}