{"cameraMode":{"drawMode":0,"name":"Shaded","section":"Shading Mode"},"sceneLighting":false,"audioPlay":false,"sceneViewState":{"m_AlwaysRefresh":false,"showFog":true,"showSkybox":false,"showFlares":true,"showImageEffects":true,"showParticleSystems":true,"showVisualEffectGraphs":true,"m_FxEnabled":true},"in2DMode":false,"pivot":{"x":-0.8643749952316284,"y":-0.04145383834838867,"z":0.06339800357818604},"rotation":{"x":-0.18285392224788667,"y":0.8159269094467163,"z":-0.41179585456848147,"w":-0.36230596899986269},"size":3.168875217437744,"orthographic":true}