{"cameraMode":{"drawMode":24,"name":"Light Overlap","section":"Baked Global Illumination"},"sceneLighting":false,"audioPlay":false,"sceneViewState":{"m_AlwaysRefresh":true,"showFog":true,"showSkybox":false,"showFlares":true,"showImageEffects":true,"showParticleSystems":true,"showVisualEffectGraphs":true,"m_FxEnabled":false},"in2DMode":false,"pivot":{"x":-0.003991015255451202,"y":0.07562684267759323,"z":0.003307703882455826},"rotation":{"x":-0.33921536803245547,"y":-0.6128746271133423,"z":0.32800233364105227,"w":-0.6338297724723816},"size":0.20430314540863038,"orthographic":false}